{"cameraMode":{"drawMode":0,"name":"Shaded","section":"Shading Mode"},"sceneLighting":true,"audioPlay":false,"sceneViewState":{"showFog":true,"showMaterialUpdate":false,"showSkybox":true,"showFlares":true,"showImageEffects":true,"showParticleSystems":true},"in2DMode":false,"pivot":{"x":-5.1126508712768559,"y":1.3712983131408692,"z":-1.43115234375},"rotation":{"x":-0.02098770998418331,"y":-0.7337976098060608,"z":0.022685173898935319,"w":-0.6786768436431885},"size":3.318016290664673,"orthographic":false}